<?xml version="1.0" encoding="UTF-8"?>
<project-private xmlns="http://www.netbeans.org/ns/project-private/1">
    <editor-bookmarks xmlns="http://www.netbeans.org/ns/editor-bookmarks/2" lastBookmarkId="0"/>
    <open-files xmlns="http://www.netbeans.org/ns/projectui-open-files/2">
        <group>
            <file>file:/Applications/MAMP/htdocs/JavaProject4/ProjetJava/src/Model/Main.java</file>
            <file>file:/Applications/MAMP/htdocs/JavaProject4/ProjetJava/src/Model/Enseignant.java</file>
            <file>file:/Applications/MAMP/htdocs/JavaProject4/ProjetJava/src/Model/Classe.java</file>
            <file>file:/Applications/MAMP/htdocs/JavaProject4/ProjetJava/src/controller/ProjetJava.java</file>
            <file>file:/Applications/MAMP/htdocs/JavaProject4/ProjetJava/src/Model/DetailBulletin.java</file>
            <file>file:/Applications/MAMP/htdocs/JavaProject4/ProjetJava/src/Model/Discipline.java</file>
            <file>file:/Applications/MAMP/htdocs/JavaProject4/ProjetJava/src/Model/Inscription.java</file>
            <file>file:/Applications/MAMP/htdocs/JavaProject4/ProjetJava/src/Model/Eleve.java</file>
            <file>file:/Applications/MAMP/htdocs/JavaProject4/ProjetJava/src/Model/Evaluation.java</file>
            <file>file:/Applications/MAMP/htdocs/JavaProject4/ProjetJava/src/View/AjoutEleve.java</file>
            <file>file:/Applications/MAMP/htdocs/JavaProject4/ProjetJava/src/Model/DAO.java</file>
            <file>file:/Applications/MAMP/htdocs/JavaProject4/ProjetJava/src/Model/Connexion.java</file>
            <file>file:/Applications/MAMP/htdocs/JavaProject4/ProjetJava/src/View/Fenetre1.java</file>
            <file>file:/Applications/MAMP/htdocs/JavaProject4/ProjetJava/src/Model/Trimestre.java</file>
            <file>file:/Applications/MAMP/htdocs/JavaProject4/ProjetJava/src/View/Menu.java</file>
            <file>file:/Applications/MAMP/htdocs/JavaProject4/ProjetJava/src/Model/Enseignement.java</file>
            <file>file:/Applications/MAMP/htdocs/JavaProject4/ProjetJava/src/Model/ProjetJava.java</file>
            <file>file:/Applications/MAMP/htdocs/JavaProject4/ProjetJava/src/Model/Bulletin.java</file>
            <file>file:/Applications/MAMP/htdocs/JavaProject4/ProjetJava/src/Model/MenuD.java</file>
            <file>file:/Applications/MAMP/htdocs/JavaProject4/ProjetJava/src/Model/Ecole.java</file>
            <file>file:/Applications/MAMP/htdocs/JavaProject4/ProjetJava/src/View/AjoutProf.java</file>
            <file>file:/Applications/MAMP/htdocs/JavaProject4/ProjetJava/src/Model/Personne.java</file>
            <file>file:/Applications/MAMP/htdocs/JavaProject4/ProjetJava/src/Model/Connect.java</file>
            <file>file:/Applications/MAMP/htdocs/JavaProject4/ProjetJava/src/View/AffichageEleve.java</file>
            <file>file:/Applications/MAMP/htdocs/JavaProject4/ProjetJava/src/Model/Niveau.java</file>
            <file>file:/Applications/MAMP/htdocs/JavaProject4/ProjetJava/src/View/Eleves.java</file>
            <file>file:/Applications/MAMP/htdocs/JavaProject4/ProjetJava/src/View/Fenetre.java</file>
            <file>file:/Applications/MAMP/htdocs/JavaProject4/ProjetJava/src/Model/AnneeScolaire.java</file>
        </group>
    </open-files>
</project-private>
